virus_label,recombined_construct,mean_log10_nir_red_diff,sd_log10_nir_red_diff,n,se_log10_nir_red_diff,geomean,lower_ci,upper_ci,cells
BtKY72 RBD,D355N,-0.017044597817281,0.102699182721303,4,0.0513495913606517,0.961513535229949,0.76262353393657,1.21227347084111,ACE2
BtKY72 RBD,E37K,-0.0745952250172118,0.0611087843547784,4,0.0305543921773892,0.842179711748397,0.7336994040457,0.966699254448944,ACE2
BtKY72 RBD,I21N,-0.0703367568693773,0.03680210486276,4,0.01840105243138,0.850478311922035,0.782703327912483,0.924121992657007,ACE2
BtKY72 RBD,K31D,0.0617114647551362,0.125263580714822,4,0.0626317903574109,1.1526871845684,0.868866705582863,1.5292193116974,ACE2
BtKY72 RBD,K353D,-0.0806395994716338,0.0595282876048965,4,0.0297641438024483,0.83053970738707,0.726143875373519,0.949944258900175,ACE2
BtKY72 RBD,Q38H,-0.0750556201865085,0.0770415490080312,3,0.0444799590585726,0.841287390890734,0.688277638657434,1.02831246334301,ACE2
BtKY72 RBD,R357A,-0.038391218350952,0.051557760720937,4,0.0257788803604685,0.915395517924967,0.814858454963691,1.02833682234353,ACE2
BtKY72 RBD,R357T,-0.0760178657622213,0.0482034928456463,4,0.0241017464228231,0.83942545399674,0.752909386045134,0.935882997181009,ACE2
BtKY72 RBD,T27A,0.0160582319462488,0.0698196008112681,4,0.0349098004056341,1.03766754111694,0.886410767965831,1.21473470855804,ACE2
BtKY72 RBD,WT,-0.0410490918462576,0.0827049802259517,4,0.0413524901129758,0.909810423529223,0.754918429128701,1.09648271233461,ACE2
BtKY72 RBD,Y41A,-0.0206066965084672,0.10095505769935,4,0.0504775288496748,0.953659421120032,0.759376838870187,1.19764818327105,ACE2
SARS-CoV,D355N,-0.203868643436933,0.116127114017045,5,0.0519336241945964,0.625361810897136,0.494699479183199,0.79053528654256,ACE2
SARS-CoV,E37K,0.105789211324302,0.0963635903568853,5,0.0430951077187877,1.27581942824621,1.05032281720073,1.5497285090203,ACE2
SARS-CoV,I21N,0.62537180775317,0.297618124019147,5,0.133098871328555,4.22057680396316,2.3147176326485,7.69565510146909,ACE2
SARS-CoV,K31D,0.263075249199098,0.188533030336192,5,0.0843145343671509,1.8326319307539,1.25261832782349,2.68121559378304,ACE2
SARS-CoV,K353D,0.242058094906545,0.183866989051869,5,0.0822278172676378,1.74605570449201,1.20473512593874,2.53060648564845,ACE2
SARS-CoV,Q38H,0.418356425681953,0.305849826415728,4,0.152924913207864,2.62033263420236,1.31408541710112,5.22503562136214,ACE2
SARS-CoV,R357A,-0.110949159799491,0.163827218480291,4,0.0819136092401453,0.774552464618337,0.535180358443458,1.12098942156847,ACE2
SARS-CoV,R357T,-0.146644385984274,0.112452816156492,4,0.056226408078246,0.713436975708791,0.553543625882881,0.919516176338736,ACE2
SARS-CoV,T27A,0.364218807553624,0.172713523853661,5,0.0772398359940637,2.3132299551141,1.63240805463875,3.27799952348395,ACE2
SARS-CoV,WT,0.470370666711738,0.216740426534472,5,0.0969292654406758,2.95372913429083,1.90716956013556,4.57458842733327,ACE2
SARS-CoV,Y41A,0.101939152456227,0.455127889195333,5,0.203539379739351,1.26455916191459,0.504663584629226,3.16866507250964,ACE2
SARS-CoV-2,D355N,0.00675518314913855,0.119649821592284,5,0.053509026915214,1.01567598309897,0.797769613659492,1.2931022753699,ACE2
SARS-CoV-2,E37K,0.183052158645541,0.139234009302239,5,0.0622673419159287,1.52423580309769,1.15082203414288,2.01881326088375,ACE2
SARS-CoV-2,I21N,0.436674823237441,0.10787935233212,5,0.0482451130366543,2.73322146813451,2.19843890844958,3.39809287634007,ACE2
SARS-CoV-2,K31D,0.147442894194548,0.0725566536869114,5,0.0324483219727689,1.4042450258883,1.21295358695037,1.62570449021866,ACE2
SARS-CoV-2,K353D,0.139670441108624,0.092469115387418,5,0.0413534455651077,1.3793371747453,1.14450498282726,1.66235278149199,ACE2
SARS-CoV-2,Q38H,0.284070723482732,0.0509156694425266,4,0.0254578347212633,1.9234049238163,1.71464164429189,2.15758582166515,ACE2
SARS-CoV-2,R357A,0.00373162223140276,0.0670505252989591,5,0.0299859064991084,1.00862939815539,0.880966198626637,1.15479261793388,ACE2
SARS-CoV-2,R357T,-0.0518374298854156,0.157561261120729,5,0.0704635380973088,0.887488164662281,0.645734567111251,1.21975078078781,ACE2
SARS-CoV-2,T27A,0.308412197821827,0.104521774372378,5,0.0467435585251064,2.03428687845396,1.64738392213382,2.51205747989193,ACE2
SARS-CoV-2,WT,0.261611855302984,0.100087565184402,5,0.044760519890953,1.82646710670786,1.492386240627,2.23533425936989,ACE2
SARS-CoV-2,Y41A,0.276166897679293,0.0572758807289977,5,0.0256145525562418,1.88871703625488,1.68252828803251,2.12017359138183,ACE2
VSV,D355N,0.0378278699302901,0.179279925638075,5,0.0801764201455686,1.09100783619049,0.759769904271975,1.56665602564188,ACE2
VSV,E37K,-0.0274044088915765,0.159427059306036,5,0.0712979484122375,0.9388486607758,0.680536796222787,1.29520815440516,ACE2
VSV,I21N,-0.0572911611003904,0.1757581568081,5,0.0786014372445956,0.87641305648601,0.614681329442279,1.24959033044988,ACE2
VSV,K31D,0.035626442615693,0.0913448521925704,5,0.0408506597794516,1.08549153893725,0.902732648249662,1.30525010188673,ACE2
VSV,K353D,-0.0261002463837542,0.0734367314099704,5,0.0328419046956176,0.941672209166304,0.811950624938768,1.09211880905076,ACE2
VSV,Q38H,0.0482714249891648,0.149698276457642,4,0.0748491382288211,1.1175614821741,0.797199676989952,1.56666353799201,ACE2
VSV,R357A,-0.0250306829323049,0.111363129131882,5,0.049803105385195,0.943994180682029,0.753972021855469,1.18190726887789,ACE2
VSV,R357T,-0.0989635347819578,0.129116704191079,5,0.057742745520397,0.796226202160511,0.613565149899566,1.03326625560582,ACE2
VSV,T27A,-0.0587758032359653,0.154002804129833,5,0.0688721477519784,0.873422140595756,0.640080780794034,1.19182806072777,ACE2
VSV,WT,-0.115386342996694,0.168418618911523,5,0.0753190961125596,0.766679157618938,0.545743068744355,1.07705798642516,ACE2
VSV,Y41A,-0.0245003439390762,0.0732725976504506,4,0.0366362988252253,0.945147643931711,0.801110659331547,1.11508199076398,ACE2
