virus_label,cell_label,geomean,ratio,panel
BB9904 RBD,H.sapiens,1.29498195230421,1.6952683185,Right
BB9904 RBD,NULL (fs),0.966161494772923,1.01874473775,Right
BB9904 RBD,R.affinis,1.16658462197335,1.1092182765,Right
BB9904 RBD,R.alcyone,17.9813345856062,4.600055658875,Right
BB9904 RBD,R.ferrumequinum,1.84196990153375,1.031237491125,Right
BB9904 RBD,R.landeri,2.75347291622512,4.20877770675,Right
BB9904 RBD,R.pearsonii,1.12478564605272,1.07718116925,Right
BB9904 RBD,R.sinicus200,1.37112778371843,1.314523033375,Right
BB9904 RBD,R.sinicus215,1.41886668515266,1.184863343625,Right
BB9904 RBD,R.sinicus472,1.12134189379978,1.24134635225,Right
BM48-31 RBD,H.sapiens,1.47463056435662,1.00020677325,Right
BM48-31 RBD,NULL (fs),1.13148419341144,1.225087029625,Right
BM48-31 RBD,R.affinis,2.20720696323329,0.981325071875,Right
BM48-31 RBD,R.alcyone,20.4172927562503,4.009156832625,Right
BM48-31 RBD,R.ferrumequinum,2.29100000430568,1.043504042625,Right
BM48-31 RBD,R.landeri,1.43977152810605,1.44389377825,Right
BM48-31 RBD,R.pearsonii,1.13651698281622,1.08643912375,Right
BM48-31 RBD,R.sinicus200,1.75788779880017,1.139697036125,Right
BM48-31 RBD,R.sinicus215,1.25354464650753,1.17161356675,Right
BM48-31 RBD,R.sinicus472,1.2840165175904,1.465664730875,Right
BtKY72 RBD,H.sapiens,6.98789580108093,3.62544337025,Right
BtKY72 RBD,NULL (fs),0.862217561393403,1.034487365,Right
BtKY72 RBD,R.affinis,7.04161357073135,2.234450142125,Right
BtKY72 RBD,R.alcyone,14.8112363791477,5.033742430375,Right
BtKY72 RBD,R.ferrumequinum,10.4206482359013,2.1224025845,Right
BtKY72 RBD,R.landeri,6.89767663875086,3.42842004475,Right
BtKY72 RBD,R.pearsonii,0.800818958257251,1.28125998,Right
BtKY72 RBD,R.sinicus200,5.70108997364426,1.910612692,Right
BtKY72 RBD,R.sinicus215,15.039692712187,4.9761765975,Right
BtKY72 RBD,R.sinicus472,1.12979258451352,1.020593011875,Right
Khosta1 RBD,H.sapiens,1.0135554482917,1.309871986375,Right
Khosta1 RBD,NULL (fs),1.17578826012667,1.04732357325,Right
Khosta1 RBD,R.affinis,12.1426456360003,1.59373118825,Right
Khosta1 RBD,R.alcyone,41.7849002838209,6.097952907125,Right
Khosta1 RBD,R.ferrumequinum,16.5210791926089,1.33152709475,Right
Khosta1 RBD,R.landeri,8.08217428589385,4.53629505875,Right
Khosta1 RBD,R.pearsonii,1.40811052229027,1.054077807375,Right
Khosta1 RBD,R.sinicus200,4.69631510754564,2.107831751125,Right
Khosta1 RBD,R.sinicus215,2.63284471198969,2.35750056275,Right
Khosta1 RBD,R.sinicus472,1.10351808257159,0.970402526375,Right
Khosta2 RBD,H.sapiens,14.13281566789,4.824754261,Right
Khosta2 RBD,NULL (fs),0.893265155940796,1.089489338875,Right
Khosta2 RBD,R.affinis,1.27927527499512,1.136118673625,Right
Khosta2 RBD,R.alcyone,13.0595582487606,6.788265397375,Right
Khosta2 RBD,R.ferrumequinum,2.0004555993642,1.067352077125,Right
Khosta2 RBD,R.landeri,2.05051756504548,1.319402693875,Right
Khosta2 RBD,R.pearsonii,1.73633345553264,1.206029655625,Right
Khosta2 RBD,R.sinicus200,1.26270395283527,1.46425307075,Right
Khosta2 RBD,R.sinicus215,1.46253145277872,1.035307965125,Right
Khosta2 RBD,R.sinicus472,1.60334815741561,1.072451250375,Right
RhGB01 RBD,H.sapiens,1.44866628331987,0.993576243375,Right
RhGB01 RBD,NULL (fs),0.994265544612236,0.8573610265,Right
RhGB01 RBD,R.affinis,1.63810926294736,1.061215737375,Right
RhGB01 RBD,R.alcyone,16.0463784544909,3.520067404375,Right
RhGB01 RBD,R.ferrumequinum,1.97359873462549,1.016127261,Right
RhGB01 RBD,R.landeri,1.99809834611946,1.119642397,Right
RhGB01 RBD,R.pearsonii,1.18067475222848,1.056725612375,Right
RhGB01 RBD,R.sinicus200,1.06380123720634,1.008872166625,Right
RhGB01 RBD,R.sinicus215,1.27779304869089,1.03560300325,Right
RhGB01 RBD,R.sinicus472,1.130048468193,1.048308434875,Right
