recombined_construct,virus_label,cell_label,geomean.x,geomean.decto_scaled,mean_log10_nir_red_diff,sd_log10_nir_red_diff,n,se_log10_nir_red_diff,geomean.y,lower_ci,upper_ci,cells
D355N,SARS-CoV,ACE2(low)-D355N,0.0157615104679064,0.249067251546467,-0.203868643436933,0.116127114017045,5,0.0519336241945964,0.625361810897136,0.494699479183199,0.79053528654256,ACE2
D355N,SARS-CoV-2,ACE2(low)-D355N,0.0346196754721741,0.331463762402361,0.00675518314913855,0.119649821592284,5,0.053509026915214,1.01567598309897,0.797769613659492,1.2931022753699,ACE2
D355N,VSV,ACE2(low)-D355N,1.06912278937666,1.00965841326188,0.0378278699302901,0.179279925638075,5,0.0801764201455686,1.09100783619049,0.759769904271975,1.56665602564188,ACE2
E37K,SARS-CoV,ACE2(low)-E37K,0.119176842570872,1.88326167644615,0.105789211324302,0.0963635903568853,5,0.0430951077187877,1.27581942824621,1.05032281720073,1.5497285090203,ACE2
E37K,SARS-CoV-2,ACE2(low)-E37K,0.522807835751356,5.00558858187059,0.183052158645541,0.139234009302239,5,0.0622673419159287,1.52423580309769,1.15082203414288,2.01881326088375,ACE2
E37K,VSV,ACE2(low)-E37K,1.19603308120874,1.12950998237162,-0.0274044088915765,0.159427059306036,5,0.0712979484122375,0.9388486607758,0.680536796222787,1.29520815440516,ACE2
I21N,SARS-CoV,ACE2(low)-I21N,2.07685690886495,32.8190019097195,0.62537180775317,0.297618124019147,5,0.133098871328555,4.22057680396316,2.3147176326485,7.69565510146909,ACE2
I21N,SARS-CoV-2,ACE2(low)-I21N,1.35176560746815,12.9423892057463,0.436674823237441,0.10787935233212,5,0.0482451130366543,2.73322146813451,2.19843890844958,3.39809287634007,ACE2
I21N,VSV,ACE2(low)-I21N,0.963187279085043,0.909615012922915,-0.0572911611003904,0.1757581568081,5,0.0786014372445956,0.87641305648601,0.614681329442279,1.24959033044988,ACE2
K31D,SARS-CoV,ACE2(low)-K31D,0.30783428734982,4.86447285861997,0.263075249199098,0.188533030336192,5,0.0843145343671509,1.8326319307539,1.25261832782349,2.68121559378304,ACE2
K31D,SARS-CoV-2,ACE2(low)-K31D,0.19126937847409,1.83129584424731,0.147442894194548,0.0725566536869114,5,0.0324483219727689,1.4042450258883,1.21295358695037,1.62570449021866,ACE2
K31D,VSV,ACE2(low)-K31D,0.963351129359683,0.909769749881055,0.035626442615693,0.0913448521925704,5,0.0408506597794516,1.08549153893725,0.902732648249662,1.30525010188673,ACE2
K353D,SARS-CoV,ACE2(low)-K353D,0.147645440055462,2.33312943152633,0.242058094906545,0.183866989051869,5,0.0822278172676378,1.74605570449201,1.20473512593874,2.53060648564845,ACE2
K353D,SARS-CoV-2,ACE2(low)-K353D,0.157175062985656,1.50486210579668,0.139670441108624,0.092469115387418,5,0.0413534455651077,1.3793371747453,1.14450498282726,1.66235278149199,ACE2
K353D,VSV,ACE2(low)-K353D,1.0553156772705,0.996619249716447,-0.0261002463837542,0.0734367314099704,5,0.0328419046956176,0.941672209166304,0.811950624938768,1.09211880905076,ACE2
R357A,SARS-CoV,ACE2(low)-R357A,0.0327646917464165,0.517755689574539,-0.110949159799491,0.163827218480291,4,0.0819136092401453,0.774552464618337,0.535180358443458,1.12098942156847,ACE2
R357A,SARS-CoV-2,ACE2(low)-R357A,0.04169958434763,0.399249875394977,0.00373162223140276,0.0670505252989591,5,0.0299859064991084,1.00862939815539,0.880966198626637,1.15479261793388,ACE2
R357A,VSV,ACE2(low)-R357A,1.06629823739966,1.00699096224913,-0.0250306829323049,0.111363129131882,5,0.049803105385195,0.943994180682029,0.753972021855469,1.18190726887789,ACE2
R357T,SARS-CoV,ACE2(low)-R357T,0.0289677183490767,0.457754985314873,-0.146644385984274,0.112452816156492,4,0.056226408078246,0.713436975708791,0.553543625882881,0.919516176338736,ACE2
R357T,SARS-CoV-2,ACE2(low)-R357T,0.073082818002993,0.699726542546871,-0.0518374298854156,0.157561261120729,5,0.0704635380973088,0.887488164662281,0.645734567111251,1.21975078078781,ACE2
R357T,VSV,ACE2(low)-R357T,0.960478308892937,0.907056715061422,-0.0989635347819578,0.129116704191079,5,0.057742745520397,0.796226202160511,0.613565149899566,1.03326625560582,ACE2
T27A,SARS-CoV,ACE2(low)-T27A,0.588364984319398,9.2974876899649,0.364218807553624,0.172713523853661,5,0.0772398359940637,2.3132299551141,1.63240805463875,3.27799952348395,ACE2
T27A,SARS-CoV-2,ACE2(low)-T27A,0.919154316021577,8.80038139184059,0.308412197821827,0.104521774372378,5,0.0467435585251064,2.03428687845396,1.64738392213382,2.51205747989193,ACE2
T27A,VSV,ACE2(low)-T27A,0.961141681321873,0.907683190860701,-0.0587758032359653,0.154002804129833,5,0.0688721477519784,0.873422140595756,0.640080780794034,1.19182806072777,ACE2
WT,SARS-CoV,ACE2(low),1,15.8022450991368,0.470370666711738,0.216740426534472,5,0.0969292654406758,2.95372913429083,1.90716956013556,4.57458842733327,ACE2
WT,SARS-CoV-2,ACE2(low),1,9.57443297435814,0.261611855302984,0.100087565184402,5,0.044760519890953,1.82646710670786,1.492386240627,2.23533425936989,ACE2
WT,VSV,ACE2(low),1,0.944380218338206,-0.115386342996694,0.168418618911523,5,0.0753190961125596,0.766679157618938,0.545743068744355,1.07705798642516,ACE2
Y41A,SARS-CoV,ACE2(low)-Y41A,0.0255635423785727,0.403961362268377,0.101939152456227,0.455127889195333,5,0.203539379739351,1.26455916191459,0.504663584629226,3.16866507250964,ACE2
Y41A,SARS-CoV-2,ACE2(low)-Y41A,0.539338148807323,5.16385695627011,0.276166897679293,0.0572758807289977,5,0.0256145525562418,1.88871703625488,1.68252828803251,2.12017359138183,ACE2
Y41A,VSV,ACE2(low)-Y41A,1.03146377725223,0.97409398716941,-0.0245003439390762,0.0732725976504506,4,0.0366362988252253,0.945147643931711,0.801110659331547,1.11508199076398,ACE2
